BusinessName,AddressLine1,AddressLine2,BusinessType
ALTA Restaurant,UNIT G9 KINGLY COURT KINGLY COURT,,Restaurant/Cafe/Canteen
AMORINO,UNIT K2 GROUND FLOOR,Brunswick Centre,Takeaway/sandwich shop
Atis Southbank,Unit 3A,11 Casson Square,Restaurant/Cafe/Canteen
Automat,BASEMENT AND GROUND FLOOR REAR 127 MOUNT STREET,,Restaurant/Cafe/Canteen
Bagel Factory,UNIT 1 OXFORD CIRCUS STATION 237 OXFORD STREET,,Takeaway/sandwich shop
Bagel Factory,UNIT A BAKER STREET STATION MARYLEBONE ROAD,,Restaurant/Cafe/Canteen
BARNABY BARS,UNIT 2-4 UPPER ST MARTIN?S LANE COVENT GARDEN,,Takeaway/sandwich shop
Bella Italia,UNIT 5 65-72 STRAND,,Restaurant/Cafe/Canteen
Birley's Sandwiches,Unit 2,2 Milner Place,Restaurant/Cafe/Canteen
BLACK SHEEP COFFEE,Unit 1 One Smarts Place,182-184 High Holborn,Takeaway/sandwich shop
Blank Street,UNIT 2 65-72 STRAND,,Restaurant/Cafe/Canteen
Bread & Co.,UNIT C12 WEST ONE SHOPPING CENTRE 381 OXFORD STREET,,Restaurant/Cafe/Canteen
BUBBLE CITEA,UNIT G7 WEST ONE SHOPPING CENTRE 381 OXFORD STREET,,Takeaway/sandwich shop
Burger King Barrier Line,Unit 21-22 Euston Station,Eversholt Street,Takeaway/sandwich shop
Caffe Nero,UNIT 1 65-72 STRAND,,Restaurant/Cafe/Canteen
Caffe Nero,Unit 12 Euston Railway Station,Eversholt Street,Takeaway/sandwich shop
Camden Food Company,Unit 19 Euston Station,Eversholt Street,Takeaway/sandwich shop
Comptoir Libanais,Unit 12 To 13,Royal Festival Hall,Restaurant/Cafe/Canteen
Crussh,UNIT 4 YORK HOUSE 45 SEYMOUR STREET,,Restaurant/Cafe/Canteen
Donia Restaurant,UNIT 2.1 KINGLY COURT KINGLY STREET,,Restaurant/Cafe/Canteen
FIFTYFIVE COFFEE HOUSE,GROUND FLOOR REAR NORTH BLOCK 55 BAKER STREET,,Restaurant/Cafe/Canteen
Fika - Bridgepoint,5 MARBLE ARCH,,Other catering premises
Frameless,6 MARBLE ARCH,,Restaurant/Cafe/Canteen
Garbanzos Falafel & Salad Bar,Unit 6 The Qube,101-106 Tottenham Court Road,Restaurant/Cafe/Canteen
GERMAN DONER KEBAB,UNIT 1,1 Southampton Row,Restaurant/Cafe/Canteen
Greens and Beans,Unit 2,19 Museum Street,Restaurant/Cafe/Canteen
Greggs PLC,Unit 2  101/106,Tottenham Court Road,Takeaway/sandwich shop
Hey Tea Baker?s Street,UNIT 61 GROUND FLOOR 55 BAKER STREET,,Takeaway/sandwich shop
Honest Burger,Unit 9,Royal Festival Hall,Restaurant/Cafe/Canteen
HOP Vietnamese,UNIT G12 WEST ONE SHOPPING CENTRE 381 OXFORD STREET,,Restaurant/Cafe/Canteen
Imads Syrian Kitchen,SECOND FLOOR UNIT 14 KINGLY COURT KINGLY COURT,,Restaurant/Cafe/Canteen
itsu,UNIT C12 WEST ONE SHOPPING CENTRE 381 OXFORD STREET,,Restaurant/Cafe/Canteen
Joe & The Juice,UNIT G14 WEST ONE SHOPPING CENTRE 381 OXFORD STREET,,Restaurant/Cafe/Canteen
K-Eats,UNIT C12 WEST ONE SHOPPING CENTRE 381 OXFORD STREET,,Takeaway/sandwich shop
Kapara,UNIT 2 ILONA ROSE HOUSE MANETTE STREET,,Restaurant/Cafe/Canteen
Kova Patisserie,UNIT 5 9-12 ST ANNE'S COURT,,Restaurant/Cafe/Canteen
La Gamba,Unit 3,Royal Festival Hall,Restaurant/Cafe/Canteen
Las Iguanas,Unit 14,Royal Festival Hall,Restaurant/Cafe/Canteen
Leon,Unit 52  Mezzanine Floor Euston Railway Station,Eversholt Street,Restaurant/Cafe/Canteen
Nando's,Unit 5 Euston Railway Station,Eversholt Street,Restaurant/Cafe/Canteen
Nandos,Unit 5 The Piazza Euston Railway Station,Eversholt Street,Restaurant/Cafe/Canteen
Nero Express,UNIT 13 CHARING CROSS STATION STRAND,,Restaurant/Cafe/Canteen
Noble Rot Winebar & Restuarnt,Restaurant And Premises At Basement Ground And 1st Floor Rear,51 Lamb's Conduit Street,Restaurant/Cafe/Canteen
NONNA ITALIAN ARTISAN BAKERY,Unit 1,75 High Holborn,Restaurant/Cafe/Canteen
Notes Coffee,UNIT C14 WEST ONE SHOPPING CENTRE 381 OXFORD STREET,,Restaurant/Cafe/Canteen
NOTES COFFEE,Unit 5,101-106 Tottenham Court Road,Restaurant/Cafe/Canteen
OAKBERRY,UNIT G16 WEST ONE SHOPPING CENTRE 381 OXFORD STREET,,Restaurant/Cafe/Canteen
Ole & Steen,UNIT 1 71-73 WIGMORE STREET,,Restaurant/Cafe/Canteen
OODLES CHINESE,Ground Floor Unit 4,16 Procter Street,Restaurant/Cafe/Canteen
Paradiso Burger & Cocktail Bar,GROUND FLOOR UNIT G1 KINGLY COURT KINGLY COURT,,Restaurant/Cafe/Canteen
Patisserie Valerie,Unit 1 Euston Railway Station,Eversholt Street,Takeaway/sandwich shop
Peter's Snack Bar,UNIT 20 JUBILEE HALL JUBILEE MARKET THE PIAZZA,COVENT GARDEN,Restaurant/Cafe/Canteen
POPEYES,Unit 6,6-17 Tottenham Court Road,Restaurant/Cafe/Canteen
Pret A Manger,Unit 4 The Piazza,Euston Station,Restaurant/Cafe/Canteen
Pret A Manger,Unit 6,83 Chancery Lane,Takeaway/sandwich shop
Pret A Manger,Unit 4,Royal Festival Hall,Restaurant/Cafe/Canteen
Prezzo,BASEMENT AND GROUND FLOOR UNIT D GRAND BUILDINGS NORTHUMBERLAND AVENUE,,Restaurant/Cafe/Canteen
Prima Sapori D'Italia,UNIT 1 TO 13 JUBILEE HALL JUBILEE MARKET THE PIAZZA,COVENT GARDEN,Restaurant/Cafe/Canteen
Prime Burger,Unit 51 Mezzanine Euston Railway Station,Eversholt Street,Restaurant/Cafe/Canteen
Rodeo Doughnuts,UNIT C12 WEST ONE SHOPPING CENTRE 381 OXFORD STREET,,Takeaway/sandwich shop
Row on 5,GROUND FLOOR REAR 5 SAVILE ROW,,Restaurant/Cafe/Canteen
Sandwich Street Cafe,Unit 6 Sinclair House,Hastings Street,Restaurant/Cafe/Canteen
SCJ PICNIC TO KOREA,Unit 2,16 Bloomsbury Street,Restaurant/Cafe/Canteen
Stax Burgers,SECOND FLOOR UNIT 7 KINGLY COURT KINGLY COURT,,Restaurant/Cafe/Canteen
Strada,Unit 6,Royal Festival Hall,Restaurant/Cafe/Canteen
SUSHI POINT & SUSHI-MI,UNIT B,141-153 Drummond Street,Takeaway/sandwich shop
T4 BUBBLE TEA,Unit 34,Brunswick Centre,Takeaway/sandwich shop
Tart Modern,UNIT B AND UNIT C BAKER STREET STATION MARYLEBONE ROAD,,Takeaway/sandwich shop
The Gentlemen Baristas Marble Arch,UNIT 1 5 MARBLE ARCH,,Restaurant/Cafe/Canteen
The Pasty Shop,Unit 18 Euston Station,Eversholt Street,Takeaway/sandwich shop
The Restaurant,GROUND FLOOR NORTH REAR 5-7 CARLTON GARDENS,,Restaurant/Cafe/Canteen
THE SALAD PROJECT,Unit A Tottenham Walk,23-24 Tottenham Court Road,Restaurant/Cafe/Canteen
The Veeraswamy,BASEMENT AND FIRST FLOOR REAR AND MEZZANINE VICTORY HOUSE 99-101 REGENT STREET,,Restaurant/Cafe/Canteen
TIRAFFE,Unit 2,1 Southampton Row,Restaurant/Cafe/Canteen
Tossed,UNIT 61 GROUND FLOOR 55 BAKER STREET,,Restaurant/Cafe/Canteen
TRUEDAN,UNIT K1,Brunswick Centre,Restaurant/Cafe/Canteen
"Upper Crust, Barrier Line",Unit 23 Euston Station,Eversholt Street,Takeaway/sandwich shop
Wagamama,UNIT 8 GROUND FLOOR 5 CARDINAL WALK,,Restaurant/Cafe/Canteen
Wagamama,Unit 7,Royal Festival Hall,Restaurant/Cafe/Canteen
Wagamama,UNIT 1 6 MARBLE ARCH,,Restaurant/Cafe/Canteen
Wasabi,UNIT G7 WEST ONE SHOPPING CENTRE 381 OXFORD STREET,,Restaurant/Cafe/Canteen
Wasabi Sushi \& Bento,Retail Unit Marlborough Court,14-18 Holborn,Takeaway/sandwich shop
Yolk,UNIT 14 CATHEDRAL WALK,,Restaurant/Cafe/Canteen
Za'Ta,UNIT 63 55 BAKER STREET,,Restaurant/Cafe/Canteen
Zayna,COMMERCIAL UNIT 25 NEW QUEBEC STREET,,Restaurant/Cafe/Canteen
Zizzi,Unit 10,8 Central Saint Giles Piazza,Restaurant/Cafe/Canteen
Amajla's Caffe,,Unit 2 Mardale Hampstead Road,Restaurant/Cafe/Canteen
BloomsYard – Regents Place,Unit 2 Euston Tower,286 Euston Road,Restaurant/Cafe/Canteen
Bright Courtyard,UNIT 43 TO 45 GROUND FLOOR 55 BAKER STREET,,Restaurant/Cafe/Canteen
Cabana,Unit 9,7 Central Saint Giles Piazza,Restaurant/Cafe/Canteen
Cafe Rouge Euston Express,Unit 4 Euston Railway Station,Eversholt Street,Restaurant/Cafe/Canteen
Costa Coffee,UNIT 8 CHARING CROSS STATION STRAND,,Restaurant/Cafe/Canteen
Cote Brasserie,Unit 10,Royal Festival Hall,Restaurant/Cafe/Canteen
Darjeeling Express,UNIT 2.1 KINGLY COURT KINGLY STREET,,Restaurant/Cafe/Canteen
FIENA CAFE,Unit 4 Medway Court,Judd Street,Restaurant/Cafe/Canteen
GRAIN MEDITERRANEAN,Unit 4,272 High Holborn,Restaurant/Cafe/Canteen
Heriots Patisserie,UNIT G13A WEST ONE SHOPPING CENTRE 381 OXFORD STREET,,Restaurant/Cafe/Canteen
Heytea Holborn,Unit 3 Ground Floor,272 High Holborn,Restaurant/Cafe/Canteen
Ippudo London Co Ltd,Unit 3,1 St Giles High Street,Restaurant/Cafe/Canteen
Mai dim sum,BASEMENT AND GROUND FLOOR REAR 22 GREAT WINDMILL STREET,,Restaurant/Cafe/Canteen
MAUI-POKE HOUSE,MAUI UNIT 1,1-7 New Oxford Street,Takeaway/sandwich shop
McDonald's,UNIT C6 AND UNIT G8 TO UNIT G9 WEST ONE SHOPPING CENTRE 381 OXFORD STREET,,Restaurant/Cafe/Canteen
MILLE LTD,Unit K4,Brunswick Centre,Restaurant/Cafe/Canteen
Oishii sushi-piccadlily circus,UNIT 7 PICCADILLY CIRCUS STATION PICCADILLY,,Takeaway/sandwich shop
Seoul Plaza Centre Point Branch,UNIT R06 & R08 Centre Point,101-103 New Oxford Street,Restaurant/Cafe/Canteen
The Gentlemen Baristas Holborn,Unit 3,1 New Oxford Street,Restaurant/Cafe/Canteen
The Great Thai Grab and Go,Unit R07 Centre Point,7 Earnshaw Street,Restaurant/Cafe/Canteen
The Pasty Shop,UNIT 4 MAIN CONCOURSE CHARING CROSS STATION STRAND,,Restaurant/Cafe/Canteen
The Upper Crust,UNIT 15 CHARING CROSS STATION STRAND,,Restaurant/Cafe/Canteen
Acai Berry,Unit 4,338 Euston Road Regent's Place,Restaurant/Cafe/Canteen
Cardinals Of Mayfair,BASEMENT REAR AND GROUND FLOOR REAR 115 PARK STREET,,Restaurant/Cafe/Canteen
Costa Coffee,Unit 4 Euston Railway Station,Eversholt Street,Restaurant/Cafe/Canteen
EDINE,Unit 2 Victoria House,Southampton Row,Restaurant/Cafe/Canteen
Feya /Feya Underground,UNIT 4 6 MARBLE ARCH,,Restaurant/Cafe/Canteen
Kahve Dunyasi,UNIT 3 200 PICCADILLY,,Restaurant/Cafe/Canteen
SANDWICH SANDWICH,Unit 9 Tottenham Walk,27 Tottenham Court Road,Takeaway/sandwich shop
Tunnel Meals,UNIT 12 AND 13 THE ARCHES,,Takeaway/sandwich shop
60 Degrees Coffee,UNIT 10B 10 GREYCOAT PLACE,,Restaurant/Cafe/Canteen
LA BELLEZZA DEL CIBO,UNIT 1 GROUND FLOOR PRINCE FREDERICK HOUSE 35-39 MADDOX STREET,,Restaurant/Cafe/Canteen
DaGe Claypot Noodles & Skewers,Unit 4,Brunswick Centre,Restaurant/Cafe/Canteen
Arc Le Salon,UNIT 2 1 CURZON STREET,,Restaurant/Cafe/Canteen
BEX COFFEE,Unit 20,Brunswick Centre,Restaurant/Cafe/Canteen
DUM Dum Donutterie,Unit 49 Euston Railway Station,Eversholt Street,Restaurant/Cafe/Canteen
EMILIA'S CRAFTED PASTA,Unit 6,1 St Giles High Street,Restaurant/Cafe/Canteen
MELETIUS SPECIALITY COFFEE ROASTERS,Unit 2,37-39 High Holborn,Restaurant/Cafe/Canteen
Say Matcha,Unit 10,Brunswick Centre,Restaurant/Cafe/Canteen
SUSHI-MI,Unit B,141-153 Drummond Street,Takeaway/sandwich shop
Platinum Lace,UNIT 33 TROCADERO 13 COVENTRY STREET,,Restaurant/Cafe/Canteen
