street,mean_congestion_index,n_samples
Serpentine Road,0.9546215928125475,2587
Waterloo Bridge,0.8952074441549803,36082
Brick Street,0.8939140125793559,8564
The Broadwalk,0.8649774731778092,4762
Westminster Bridge,0.7307800562927222,5803
Piccadilly Circus,0.7228939782190903,12488
Carlisle Street,0.660763478945297,1309
Montagu Mews South,0.6449883449883449,60
Birdcage Walk,0.6419237118683102,2166
Dyott Street,0.6404183810780737,4684
Constitution Hill,0.5820299310384296,1765
Westminster Bridge Road,0.5588322136202122,16698
Piccadilly,0.547996327874654,39573
Peter Street,0.5038428712756975,3089
Gordon Street,0.49973103017071446,2661
Wilton Row,0.49853372434017595,31
Bruton Place,0.4726705904839741,1061
Goslett Yard,0.47230986383261375,3011
Speakers' Corner,0.46902356902356906,396
Richmond Terrace,0.4690077980710035,2215
Horse Guards Road,0.46398628099659023,1746
Hanway Street,0.45447095569294177,5176
Half Moon Street,0.43769405401796146,2723
Montreal Place,0.4365671641791044,201
Edwards Mews,0.4346529284164859,461
Grape Street,0.4298245614035087,152
Barlow Place,0.42963500377949043,1841
Holles Street,0.42545317929933313,4095
Ashland Place,0.42510402219140087,309
Cleveland Row,0.41849732188715233,2065
Marlborough Road,0.4151986842116292,2781
Queens Gardens,0.41234190753053523,5487
The Mall,0.4116888125808699,13396
Euston Circus,0.40417516229581196,1724
Bedford Place,0.40046665338116116,1158
Apsley Way,0.39782244556113905,1592
Stable Yard Road,0.39647774263158875,3367
Gresse Street,0.39602777981921067,1237
Eastcastle Street,0.38541666666666663,4224
Berners Street,0.37884318290613167,4178
North Gower Street,0.3780512549071501,1145
Museum Street,0.3772953339763684,3016
Rathbone Place,0.3764174514703056,1419
North Carriage Drive,0.3704950741987779,81
Strand Underpass,0.3683206106870229,393
Bruton Street,0.365549049340088,4175
Burlington Gardens,0.36137361906029547,683
Whitehall Place,0.3613709246392304,3742
South Carriage Drive,0.3611213659437009,985
Pall Mall East,0.3583367305340399,669
Wells Square,0.35686274509803917,85
Litchfield Street,0.3566486543759271,2145
Spur Road,0.3542742861449559,2165
Earlham Street,0.3535169498209581,1921
Albert Gate,0.35002568053415506,59
Seven Dials,0.3496128648004765,1679
Bruton Lane,0.34903239936796976,1788
Oxford Street,0.3472289720064668,80897
Harpur Street,0.34561569550314625,1777
New Bond Street,0.3423672733082657,9599
Gower Place,0.3422698445271809,443
Mercer Street,0.33774996932891665,2318
Wardour Street,0.33764385786444606,15096
Vigo Street,0.33515999608572267,929
Great Chapel Street,0.33333333333333337,131
White Bear Yard,0.3333333333333333,2
Back Hill,0.3333333333333333,2
Webber Street,0.3333333333333333,1
Windmill Walk,0.3333333333333333,6
York Bridge,0.3321510220548682,1352
Colonnade,0.3303109492133882,738
Great George Street,0.3282018972055131,2489
Compton Place,0.3242669611090664,380
Cardington Street,0.32416142557651995,106
Shaftesbury Avenue,0.32341906221733957,65481
Welbeck Way,0.31878990574642746,598
Hollen Street,0.31567833929294886,1588
New Oxford Street,0.31550401395930444,27578
New North Street,0.3149293848209173,1429
Outer Circle,0.31463971778857275,3144
Denman Street,0.3143636363636363,1000
Clifford Street,0.31417112299465244,2380
Bloomsbury Way,0.3114320585842148,7374
Whitehall,0.31033639623757836,15058
Bow Street,0.310285748810339,4514
York Gate,0.3086173305757875,1685
Euston Road,0.307966594267445,11873
Derby Gate,0.3077145350757182,1927
Phoenix Street,0.30442351765881176,1547
Perry's Place,0.30420753742901396,1937
Vernon Place,0.30235961221876717,1491
Charing Cross Road,0.30090620487336617,43942
Langley Street,0.30082802351709914,833
Angela Hooper Place,0.3007246376811594,138
Old Brewer's Yard,0.30012610340479196,671
Rotten Row,0.29914529914529914,156
Drake Street,0.2983977151708781,1565
Savile Row,0.29797671394971736,4445
Greek Street,0.2962607178498448,1913
Little St. James's Street,0.29610038135071964,739
Lancaster Place,0.29475393340651296,1822
Hanway Place,0.29411764705882354,255
Broadwick Street,0.29359243376710625,3435
Bury Place,0.2935664553311612,2142
Belvedere Road,0.2928560470698648,1679
Shelton Street,0.2918648792160406,5123
Booth's Place,0.29079254079254074,312
Great Ormond Street,0.2899534211371667,2264
Hanover Square,0.2890329295583743,2417
Bulstrode Street,0.28712591756070016,1288
Mill Street,0.2847627619904847,1515
Great Newport Street,0.28459025281059175,1593
Macclesfield Street,0.2842066079117872,2259
Conduit Street,0.28213209534975126,9775
Old Bond Street,0.28191714972430365,643
Noel Street,0.28183624885752545,3290
Soho Street,0.2817340067340067,2655
Queen's Walk,0.28125,8
Gilbert Place,0.2808959156785244,115
Vere Street,0.2807158980973879,886
Stafford Street,0.27967861334296285,1007
Millman Street,0.2779012779012779,1998
Soho Square,0.27770586478143977,1826
Whidborne Street,0.2767295597484277,53
Tower Street,0.2752307558342041,696
Streatham Street,0.27470150494269513,1082
Park Crescent,0.27413355260213895,4966
Crown Office Row,0.273972602739726,73
Herbrand Street,0.2733111753869876,3324
Fitzroy Street,0.27305746831014827,1306
Bedford Avenue,0.2696273593090687,2176
Duncannon Street,0.2690850815850816,990
Arne Street,0.2690793513201141,839
Duke Street,0.26891518164600553,4224
Hay Hill,0.2680862680862681,333
Allsop Place,0.2676362519931465,863
Bloomsbury Square,0.2675615967199133,3493
Old Burlington Street,0.2669198123743578,407
Sutton Row,0.26635980053701575,395
Headfort Place,0.2658562367864693,344
Charles Street,0.26471261735745366,397
Malet Street,0.26450809464508096,3285
Long Acre,0.26436409119335946,2132
Glasshouse Street,0.2636292166952544,1590
Berwick Street,0.2635192978113332,2486
Dean Street,0.26308967712129766,3795
Wellington Street,0.26200337949225183,4044
Byng Place,0.26166257984439806,1155
Avery Row,0.2611608201838867,737
Flitcroft Street,0.2598665702113977,116
Russell Court,0.2595307917888563,124
Willoughby Street,0.2594086021505376,64
Poland Street,0.2592042384788499,1737
Endell Street,0.259166204062663,4058
Brook Street,0.25900978804204605,3441
Wells Street,0.25839815264948957,1870
Horse and Dolphin Yard,0.2582588176850472,122
Lamb's Conduit Street,0.2580514000767165,3950
Keppel Street,0.2577685950413223,550
Dombey Street,0.25770693952512136,462
Craig's Court,0.2574857414448669,1052
Cab Road,0.25595238095238093,84
Ampton Street,0.2558844619029805,486
Millman Mews,0.25577812018489987,295
Theobalds Road,0.25529199996721635,22184
Torrington Square,0.2541493176035161,524
Moxon Street,0.2541028950765259,493
Tottenham Court Road,0.2539221230518257,38303
St. Giles Passage,0.2536310557807373,942
St Giles Square,0.2532434365103688,251
Canon Row,0.25321380243572394,739
Brewer Street,0.25224942644106685,2536
Stratford Place,0.25221427929143064,1011
Chitty Street,0.2521825773391535,479
Russell Square,0.2515388651752288,9438
Brook's Mews,0.25027056277056275,672
Morton Place,0.25,2
Chester Place,0.25,10
Essex Court,0.25,41
Royal Festival Hall loading bay,0.25,3
Hop Gardens,0.25,6
Fountain Court,0.25,20
Old Barrack Yard,0.25,8
Queen Anne Mews,0.25,7
Harley Place,0.25,8
King's Bench Walk,0.25,19
Lyall Mews,0.25,57
Book Mews,0.25,2
Green Yard,0.25,2
Baker's Mews,0.2496434937611408,255
Denmark Street,0.24949919871794873,128
Great Central Street,0.24925727866904335,34
Old Compton Street,0.2492311182267514,2519
Cleveland Mews,0.2490974729241877,277
Little Newport Street,0.2490898058252427,824
Mecklenburgh Place,0.2490316700843017,285
Princeton Street,0.24900522799883823,626
Starcross Street,0.24894291754756873,43
Albemarle Street,0.24891837703793593,1723
Centaur Street,0.24847211611917505,119
Bedford Court,0.2483370288248337,41
Lower Robert Street,0.24825174825174828,546
Sardinia Street,0.24815195574484752,619
Grosvenor Street,0.2473575448232698,2407
Bridge Street,0.24714344310324624,3657
Bentinck Street,0.24684491978609624,425
Harley Street,0.24626266860599288,1468
Downing Street,0.24605836967460584,271
Moor Street,0.24592428847747996,987
May's Court,0.24577839463335652,524
William Street,0.24573863636363635,32
Air Street,0.24557265806024495,2014
Brunswick Place,0.24545454545454543,105
North Audley Street,0.24525257205980097,2241
Chenies Mews,0.24512987012987011,14
William Mews,0.24475524475524474,13
Dryden Street,0.24433094994892746,445
Henrietta Place,0.24430772557573707,3123
Aybrook Street,0.24324966078697424,670
Little Russell Street,0.24322169059011164,152
Atkin Building,0.24302915082382762,789
Remnant Street,0.2424585500954377,694
Montagu Square,0.2421978021978022,350
Southampton Place,0.24172199523323115,534
Gloucester Place Mews,0.24136939010356734,79
Bolton Street,0.2412445278298937,984
Middle Temple Lane,0.24101760308656858,377
Barter Street,0.24086311918170322,791
Duke Street St James's,0.23960260801712094,1006
Russell Street,0.23926625168160157,1329
Welbeck Street,0.2391802153532359,3069
Alfred Mews,0.23905272564789992,1119
Portugal Street,0.2389892715979673,1127
William Road,0.23845425407925405,1248
Laystall Street,0.2382705946535734,611
Melcombe Place,0.23805060918462978,97
Mecklenburgh Square,0.23785425101214575,494
Chester Close North,0.2373737373737374,72
Red Lion Street,0.23730361398900723,3115
Stacey Street,0.2370746943115364,1368
Southampton Row,0.23704710661804632,7598
Kinnerton Street,0.23682476943346512,138
Cavendish Place,0.236675219941349,2480
Dover Street,0.23652148593146569,1483
Maiden Lane,0.23605593207135628,778
Dog & Duck Yard,0.23589341692789972,58
Halkin Street,0.23584315491829944,1211
Marshall Street,0.23561117360329953,508
Wild Court,0.23548597003555102,1432
Spring Gardens,0.2350603941513032,880
Ulster Place,0.23495827843653927,46
Maple Street,0.23470742122879237,2363
Fitzmaurice Place,0.23455964325529538,345
Pitt's Head Mews,0.23376623376623382,14
Carlisle Lane,0.23372758194186766,196
Harrison Street,0.2336433032616239,655
Villiers Street,0.2336356289844662,259
Maple Place,0.2334613743064447,142
Furnival Street,0.23333333333333334,225
Stanhope Street,0.23310997266429018,1077
Lower John Street,0.23299663299663298,270
Granville Street,0.23253304558942545,337
Margery Street,0.23249868411158742,62
Marylebone Lane,0.23244883971408986,1459
Marchmont Street,0.2323518705671955,1031
Birkenhead Street,0.23232323232323232,15
Gower Street,0.23224968811285668,13798
Montrose Place,0.23209975864843121,452
Charlotte Street,0.2315893450295423,7299
York Buildings,0.23153988868274583,245
Richmond Mews,0.231497668997669,468
King Charles Street,0.23139387436597736,932
Swallow Street,0.23132427843803055,1178
Regent Street,0.23066990536548956,21106
Naoroji Street,0.2303030303030303,15
Duke's Mews,0.2300039016777214,233
Orchard Street,0.22973923991870732,2591
Ryder Yard,0.22954545454545455,10
Parliament Street,0.22943305379292753,2851
Bainbridge Street,0.2291154791154791,296
Eaton Mews North,0.22902097902097904,26
Palace Place,0.22890909090909095,125
Dering Street,0.22878362588807258,967
Great Titchfield Street,0.22872801955810643,3337
Upper Woburn Place,0.22871545673867746,3316
Cockspur Street,0.22867121908597043,4786
Howland Mews East,0.22861452273216978,119
Cypress Place,0.22828638497652584,142
Harrington Street,0.22820037105751395,98
Paddington Street,0.22810394610202117,2078
Upper Marsh,0.22783528352835286,202
Mansfield Mews,0.22781065088757393,13
Smart's Place,0.22780691530691533,468
Wicklow Street,0.2277800839444675,219
Shorts Gardens,0.22763063707945597,254
Portland Mews,0.22761194029850745,67
Circus Mews,0.2272727272727273,3
Greenham Close,0.22727272727272727,41
Deanery Mews,0.22727272727272727,32
Short's Gardens,0.22727272727272724,851
Conway Street,0.227208886618999,2136
Harewood Place,0.2271830733369195,286
Kingsway,0.2270464142801822,7747
Stephen Mews,0.2270173646578141,89
Newport Court,0.2269585253456221,217
Bryanston Street,0.22688543060347865,1291
Hastings Street,0.226553933871007,287
Norwich Street,0.22605829285218598,131
Breams Buildings,0.22594603672189875,580
Orange Street,0.2254699100554023,772
Gordon Square,0.2251107804824326,3323
Princes Place,0.22504767959313424,143
Montagu Street,0.22502980323718463,569
Cramer Street,0.22479338842975213,165
Manchester Square,0.2247191011235955,712
Catherine Place,0.2246998284734134,106
Neal Street,0.224664021738976,1641
White Horse Street,0.2246503496503496,208
Newnham Terrace,0.2244318181818182,24
Woburn Square,0.22424813419049733,347
St Martin's Lane,0.22416088661441821,1614
Great Scotland Yard,0.22409832015810277,1840
Ossington Buildings,0.22384806973848068,146
Jacob's Well Mews,0.22376201034737617,123
New Cavendish Street,0.2236010265704503,5102
Royal Street,0.22351807549175973,342
Cartwright Gardens,0.2234848484848485,576
Percy Mews,0.22333333333333338,150
Hills Place,0.22268584280303028,1152
Warren Street,0.2226597016476948,1749
Vine Hill,0.2225177304964539,47
Howland Street,0.2225053418803419,2400
Coptic Street,0.22247812068171355,668
Frazier Street,0.22237751850051318,561
Hallam Street,0.22218383619035084,2763
Cavendish Mews North,0.22193768672641917,213
Tavistock Street,0.22189917449768962,1751
Bear Street,0.2217391304347826,230
Bryanston Mews West,0.2217171717171717,90
Scala Street,0.2213438735177866,299
York Terrace West,0.22129186602870815,152
Wilfred Street,0.22119815668202766,217
Gage Street,0.22086638194020747,149
Market Place,0.2206757974676063,586
York Terrace East,0.22027972027972034,156
Salisbury Place,0.2202797202797203,52
Windmill Street,0.22022727272727272,1150
Dunstable Mews,0.2198051948051948,70
Clipstone Street,0.21977513839161852,983
Marylebone Road,0.21966658751981863,9130
Jermyn Street,0.21964510865609763,1365
Cosmo Place,0.21950271950271955,195
Melton Street,0.21940881847520854,482
Broadstone Place,0.21934460887949273,86
Crown Passage,0.21929400386847198,188
King's Mews,0.21925133689839574,68
Doughty Street,0.21922984871578466,1031
Portland Place,0.21907463291088605,5594
Mortimer Street,0.21887616153229103,11673
Princes Street,0.2188191857269368,1832
Riding House Street,0.21877588436353373,1506
Great Marlborough Street,0.21868242175214078,8649
Richardson's Mews,0.2184917355371901,264
Tweezers Alley,0.218475073313783,124
Aldwych,0.2184099706155203,6631
Doughty Mews,0.21840752184618353,538
Lower James Street,0.21833084947839043,244
Endsleigh Street,0.21828310964801215,359
Deanery Street,0.2181818181818182,60
Charlie Chaplin Walk,0.21818181818181817,10
Endsleigh Gardens,0.21817858758157266,804
Colville Place,0.21813241106719367,368
Great James Street,0.21805426716141,784
Chesterfield Hill,0.21801727684080624,221
Picton Place,0.2179863147605083,186
Cross Keys Close,0.21797520661157027,110
Trafalgar Square,0.217872270544532,3396
Strand,0.21767285303825656,12192
Sheraton Street,0.21753646644476343,687
Dansey Place,0.21740073768713383,419
Park Crescent Mews East,0.2172977624784853,332
Rose and Crown Yard,0.21721641190667743,113
Endsleigh Place,0.21696834112941493,447
Grafton Way,0.21667481725522494,1766
Rupert Street,0.21661671661671658,351
Stedham Place,0.21656570363466915,1073
Coventry Street,0.2163868661240898,2759
Taviton Street,0.2160894660894661,294
Burton Place,0.2160737812911726,69
Orde Hall Street,0.2159090909090909,16
Red Lion Yard,0.2159090909090909,2
Halkin Mews,0.2159090909090909,12
Percy Street,0.21587778612572003,363
Buckingham Gate,0.21580841527650035,6956
Redhill Street,0.2157394843962008,201
Gerrard Street,0.21571428571428572,350
Little Essex Street,0.21564482029598311,43
Bulstrode Place,0.21548821548821545,216
Bedford Street,0.21541370829272818,3265
St Martin's Place,0.21540565451740237,4537
Embankment Place,0.21540178571428573,112
New Burlington Place,0.21532976827094474,255
Bridle Lane,0.215311004784689,228
Savoy Street,0.2150704910063199,374
Bourchier Street,0.21495327102803738,107
St James's Residences,0.2147821187077385,242
Regent Square,0.21433002481389576,496
Rathbone Street,0.21423537702607467,258
Mecklenburgh Street,0.21368322399250234,194
Drury Lane,0.21363293224138719,1987
Portpool Lane,0.21354296388542968,365
Burdett Street,0.21349862258953167,33
John Adam Street,0.21334303123982037,1324
Hanover Street,0.21304110868888196,1235
Savoy Steps,0.21282593375616632,129
Lincoln's Inn Fields,0.21280473912052858,798
Boyle Street,0.21278721278721283,182
Vineyard Walk,0.2126623376623377,7
Buckingham Street,0.2126623376623376,224
Blandford Street,0.21253104656589386,2554
Great Cumberland Place,0.21253011361657811,2209
Wyndham Place,0.2121753246753247,140
Lloyd Baker Street,0.21216319703351408,694
High Holborn,0.2121296629469221,13386
Cork Street Mews,0.21212121212121215,69
McAuley Close,0.21212121212121213,9
Queen Anne Street,0.2118608175135766,743
Frith Street,0.21182118211821183,606
Matthew Parker Street,0.21178821178821186,91
Chapone Place,0.2117224880382775,38
Southampton Street,0.2115418894830659,680
Adelphi Terrace,0.2114356232003291,221
Savoy Hill,0.2113729891507669,486
Gough Street,0.21135876517481209,511
Inner Circle,0.2112926136363636,256
Old Park Lane,0.2111973392461198,82
Powis Place,0.21114369501466274,62
Weymouth Street,0.21109154211811595,3161
Golden Square,0.21108005918132505,553
Hinde Street,0.21093296063066316,827
Guilford Street,0.21076510858751235,5017
Panton Street,0.21056858336010284,283
John Street,0.21047950297366183,856
Hinde Mews,0.21022727272727273,32
Northcourt,0.2100909842845326,93
Serle Street,0.2097902097902098,169
Pakenham Street,0.20974480065389156,286
Hill Street,0.2096889841160046,829
Barrett Street,0.20964897308983327,837
Foley Street,0.20962841785463893,778
Fisher Street,0.20962005551700208,262
Yarmouth Place,0.2095959595959596,72
Savoy Place,0.20956406398479574,1148
Whitfield Street,0.20950471536274431,1451
New Row,0.2094009594009594,518
Baldwins Gardens,0.20928625881456073,159
St Andrew's Place,0.20926243567753003,53
Ormond Close,0.20921544209215445,73
Kirkman Place,0.20914464534075106,719
Holford Street,0.20909090909090908,10
Chesham Close,0.20909090909090908,5
Whitcomb Street,0.2089926569448754,586
Great Portland Street,0.20894121872902505,15057
Thayer Street,0.2088043535411956,988
Milford Lane,0.20875420875420878,54
Leicester Square,0.2087313557901793,3978
St George Street,0.20867574885432025,2016
Hay's Mews,0.2086627140974967,276
Catherine Street,0.20848826772663165,709
Sandwich Street,0.20837589376915225,89
Hamilton Mews,0.20833333333333331,18
Tothill Street,0.20821966030097683,1033
Eyre Street Hill,0.20816864295125162,23
Betterton Street,0.20812747035573123,736
Tavistock Place,0.2080789983240178,4367
Mansfield Street,0.20807445342761327,538
Surrey Street,0.20796197266785502,102
St Alban's Street,0.2079090909090909,200
Bedford Square,0.20784566932586293,2957
D'Arblay Street,0.20783415550857412,387
Tilney Street,0.20779220779220778,28
De Walden Street,0.20779220779220778,28
Devonshire Close,0.2077374872318693,178
Carlton Street,0.2075911940723853,638
Marylebone Passage,0.20745920745920748,78
Clement's Inn,0.2072727272727273,50
Langham Street,0.2072042734794413,1341
Wardour Mews,0.20714285714285716,70
Romilly Street,0.20712186992939527,691
Carting Lane,0.2070585664335664,416
St Martin's Street,0.20703538885357067,572
Thornton Place,0.2068965517241379,29
Duchess Street,0.20678555893866896,2090
Ampton Place,0.20672478206724784,73
Cleveland Street,0.2067172860362229,2494
Ogle Street,0.20666027520866226,496
University Street,0.20663753705533594,1472
Spanish Place,0.2065454545454546,125
Boswell Street,0.2064869803563271,398
William IV Street,0.20641521598968404,940
Tottenham Street,0.20629904854503783,935
Devonshire Place Mews,0.20619339676716722,122
King Street,0.20618136883197125,1079
Savoy Way,0.20606060606060608,195
Tonbridge Street,0.20606060606060606,75
Greenwell Street,0.20580808080808083,144
Prideaux Place,0.2057702776265651,167
Upper James Street,0.2056631892697466,244
Manchester Street,0.2056036455155583,2384
Queen Anne's Walk,0.20543093270365997,77
Monmouth Street,0.20533656657379695,881
Clay Street,0.2053158705701079,59
Romney Mews,0.20518029456576947,179
Carey Street,0.20515291160452448,930
Irving Street,0.2050762729334158,2205
Fitzhardinge Street,0.204965034965035,650
Park Square West,0.20490511172329354,1155
Britannia Street,0.20465448962858293,579
St. Matthew Street,0.20454545454545459,80
Grafton Street,0.20454545454545456,224
Bentinck Mews,0.20454545454545456,9
Elm Street,0.20454545454545456,24
Mitre Court,0.20454545454545456,3
Serjeants Inn,0.20454545454545456,3
Down Street Mews,0.20454545454545453,21
Ossulston Street,0.20448484848484855,125
Hallam Mews,0.20435762584522915,121
Wharton Street,0.20431677455671265,646
Davies Street,0.2042576838968591,6790
King Edward Walk,0.20413223140495868,55
Argyll Street,0.20403928400916355,1162
George Street,0.20403903458194744,3076
Adelaide Street,0.20399113082039913,246
Lisle Street,0.20394036208732694,1252
Ivybridge Lane,0.20389610389610394,140
Clarkes Mews,0.20389610389610388,35
Chandos Place,0.2037944664031621,1150
Verulam Street,0.2037419651056015,132
Beak Street,0.20353102076339677,1149
Whittlesey Street,0.20346320346320346,21
Berkeley Square,0.20342066022213082,2176
Launcelot Street,0.2032085561497326,34
Water Street,0.2032085561497326,34
Ganton Street,0.20314913844325613,255
Queen Square,0.20313714063714064,624
Devonshire Street,0.20311477746861803,2747
Shepherd Street,0.20281088774239456,511
Spring Mews,0.20279720279720276,13
Savoy Court,0.20267857142857143,280
Exeter Street,0.2025468250342622,995
Emerald Street,0.20230683950196146,533
Farm Street,0.20222634508348802,98
Robert Street,0.2021898033696787,1123
Station Approach Road,0.20214751464751465,962
Davies Mews,0.20212275034610064,197
Spenser Street,0.20203255648461127,146
Devonshire Mews West,0.20198463508322664,71
Cromer Street,0.20193860648100218,743
Tavistock Square,0.20188566741980657,3061
Langham Place,0.20178636044358358,4271
Munster Square,0.20170454545454547,120
Barbon Close,0.20170454545454544,32
Arundel Street,0.2015924910356465,431
Luxborough Street,0.20157005288200622,686
South Molton Lane,0.20151086371822158,299
Ramillies Street,0.20148484223551247,746
Great Queen Street,0.20148456538532117,3043
Morley Street,0.20147453556544467,33
Wimpole Mews,0.20144651267100244,343
Cranbourn Street,0.20137893038359603,1929
Upper Belgrave Street,0.20135085797736402,249
Woodstock Mews,0.20129870129870128,14
Chancery Lane,0.20123261505402013,1523
Swiss Court,0.2010809852915116,855
Huntley Street,0.20107801936780562,421
Drummond Crescent,0.20099431818181818,32
Bourlet Close,0.200976709241172,121
Curzon Street,0.20097626478304198,2774
Fleet Square,0.20095693779904306,38
Red Lion Square,0.2009083044982699,578
Old North Street,0.20086580086580086,105
North Mews,0.20062695924764884,29
All Souls' Place,0.20058796924468564,201
Devonshire Mews South,0.20055054594528274,228
Thornhaugh Street,0.2005216525112719,578
Lansdowne Row,0.20051858254105445,356
Montagu Row,0.20046620046620042,39
Chandos Street,0.20045518207282914,714
Leicester Street,0.20026007802340698,769
Wilton Mews,0.2,30
Adam And Eve Court,0.1999928530588908,530
Garrick Street,0.19998524203069656,2200
Montague Street,0.19971857410881802,820
Northington Street,0.19971560262822402,309
Palmer Street,0.19967532467532473,140
Duchess Mews,0.19965663079435544,167
Bloomsbury Place,0.19964126782308597,847
Westmoreland Street,0.19960474308300397,322
Bloomfield Place,0.19954545454545453,100
Judd Street,0.1995304373653198,1829
Roger Street,0.19952431289640593,258
Long Yard,0.19941348973607037,62
Bolsover Street,0.19934808656977093,1033
Brunswick Mews,0.19918934568616103,157
St. Anselm's Place,0.19915922228060956,346
Coin Street,0.19913419913419914,63
Ormond Yard,0.19913419913419914,63
Bayswater Road,0.19905303030303034,60
Bury Street,0.19902597402597405,70
Bateman Street,0.1988105352591334,214
Church Way,0.1988038277511962,60
Great Russell Street,0.19875950225481,6287
Stanhope Place,0.19874376678174147,79
Wallenberg Place,0.19873150105708257,86
Berners Mews,0.1986754966887418,151
Beaumont Street,0.19867368918001826,474
Heathcote Street,0.1986621534493875,141
York Road,0.19864854720990396,2624
Winnett Street,0.198619498479049,356
Little Portland Street,0.1985954866389649,828
Macklin Street,0.19848484848484846,120
King Charles I Island,0.19839043309631543,2975
Leicester Place,0.19838709677419356,620
Warwick House Street,0.19831378299120234,775
Haymarket,0.19819815189208326,3790
Laxton Place,0.19801980198019803,202
Phoenix Place,0.1979452472410219,142
Cambridge Terrace Mews,0.1978609625668449,17
Wild Street,0.19778869778869776,592
Great Pulteney Street,0.19772727272727275,160
Stratton Street,0.1977057302886687,844
Guilford Place,0.1975668010150769,174
Concert Hall Approach,0.19755244755244755,26
Cubitt Street,0.19722327881323695,478
Phoenix Road,0.19704545454545458,50
George Mews,0.19696969696969696,36
Bywell Place,0.19696969696969696,36
Floral Street,0.19683513644437273,563
Nottingham Court,0.1968225948808473,412
Bird Street,0.19666048237476813,49
Hopkins Street,0.1966314935064935,448
Cleveland Place,0.19656019656019655,37
Hercules Road,0.19654605263157898,152
Apple Tree Yard,0.19636363636363638,75
Brown Street,0.1963421194190425,234
Gate Street,0.19621333139703748,626
Ashburton Place,0.19614531809653762,246
Haunch of Venison Yard,0.19604989604989603,185
Express Rent-a-Car,0.1960227272727273,24
Providence Court,0.1960193652501345,65
Grafton Mews,0.19591836734693877,245
Fitzroy Square,0.19579322638146168,850
Storey's Gate,0.19575755569731473,1162
Old Gloucester Street,0.19573438209045532,601
Royal Opera Arcade,0.1957142857142857,140
Old Pye Street,0.19569743233865375,131
Lansdowne Terrace,0.19569130230111034,469
Thanet Street,0.19562715765247413,79
Yardley Street,0.1955266955266955,231
Torrington Place,0.1955216667518255,2268
Saddle Yard,0.19545454545454546,5
Gosfield Street,0.1952823296106878,268
Caxton Street,0.19520935496039227,241
Burton Street,0.19516594516594518,126
Coram Street,0.19498945147679328,790
Bernard Street,0.19497202975755254,1119
Midford Place,0.19486607142857143,560
Star Yard,0.1948051948051949,84
Livonia Street,0.19480519480519481,70
Wythburn Place,0.19475926372478103,174
Charles Place,0.19469696969696967,30
Percy Circus,0.19462227912932142,71
Leigh Street,0.19460459219495363,498
Carpenter Street,0.1945701357466063,68
Archer Street,0.19450317124735741,86
Stafford Place,0.19450317124735741,86
Groom Place,0.19450317124735736,86
Henrietta Street,0.19436485195797515,349
St. James's Street,0.19428352371458607,5563
Kendall Place,0.19427148194271485,73
Durweston Street,0.19421487603305787,66
Berners Place,0.19414483821263492,118
Nassau Street,0.19398164916093202,753
Hanson Street,0.1939688218757986,602
Fitzroy Mews,0.19385912101143893,151
Palace Street,0.19382899345210902,1990
Gilbert Street,0.19381508584294962,1292
James Street,0.19370599503002692,1756
Mason's Yard,0.19361888111888115,52
Johanna Street,0.19360269360269358,27
Cavendish Mews South,0.1935483870967743,93
Chester Road,0.19348894348894352,296
Lloyd Street,0.19344608879492606,172
Goodge Place,0.19336219336219335,63
Manette Street,0.19323187825390473,1135
Three Cups Yard,0.19318181818181818,18
Cosser Street,0.19318181818181815,29
Covent Garden,0.19316124785480876,1289
Cumberland Market,0.19311761684643045,354
Longford Street,0.1930245722911775,1084
Carlton House Terrace,0.19294003868471954,376
Bedfordbury,0.19290123456790123,540
Leake Street,0.1928861788617886,205
Catton Street,0.1927844882390337,143
Lowndes Street,0.19272727272727275,75
Arlington Street,0.19272727272727275,75
Montagu Mews North,0.19267299864314794,67
Stephen Street,0.1925979983319433,545
Goodge Street,0.19258421907978776,5416
Prince's Mews,0.19258373205741625,19
Shouldham Street,0.19258373205741622,19
Tottenham Mews,0.1922077922077922,35
Wren Street,0.1921296296296297,108
Lower Marsh,0.19204077815188927,405
Connaught Place,0.19197292069632496,94
Lloyd Square,0.19194881364969346,341
Queen Street,0.1918766165341508,292
Lowndes Court,0.19166666666666668,80
Cork Street,0.19164619164619168,74
Weighhouse Street,0.19158751696065135,335
Parker Street,0.1914859693877551,784
Kemble Street,0.19139457959880493,852
Little Albany Street,0.1913875598086124,19
Harriet Walk,0.1913875598086124,38
Wilmington Street,0.19126328217237312,154
Heddon Street,0.19123071763916832,497
Denman Place,0.19122257053291541,116
Carburton Street,0.19107501528250806,347
Dufour's Place,0.19106317411402157,59
Calthorpe Street,0.19101113380347245,1488
Shepherd Market,0.19099416626154594,748
Wyndham Yard,0.19090909090909086,15
Adam Street,0.1907420065314802,1197
Duke of York Street,0.19068736141906875,328
Motcomb Street,0.1906565656565657,72
Bryanston Square,0.1906354515050167,92
Frederick Street,0.19062777613266216,307
Westking Place,0.1906241906241906,162
Doon Street,0.19061583577712607,31
Charlotte Mews,0.19058050383351594,83
George Yard,0.19047619047619047,21
Osnaburgh Street,0.19043267128727728,901
Gerrard Place,0.19034792368125703,1350
Corner House Street,0.1903409090909091,8
Old Quebec Street,0.19031531531531531,333
Stourcliffe Street,0.19020979020979026,80
Chester Close South,0.19015151515151513,120
Victoria Square,0.19011958667131082,174
West Street,0.19010480136485497,746
Wilmington Square,0.18992903007772896,269
Stanhope Gate,0.18988239376588895,206
Balderton Street,0.1897233201581028,230
John Watkins Plaza,0.18971707597300014,211
Bloomsbury Street,0.1897082542935108,7583
Upper St Martin's Lane,0.18970172523472015,1182
Lexington Street,0.18964506947932364,543
Berkeley Street,0.18962102060693606,1917
Duke's Yard,0.18939393939393936,24
Durham House Street,0.18939393939393936,96
Thirleby Road,0.1893837294780691,371
Upper Wimpole Street,0.18931068931068928,308
Woburn Place,0.18919574622942867,3533
Kenrick Place,0.18919395821569732,184
South Molton Street,0.18916437098255282,165
Wells Mews,0.18911205073995777,215
Triton Street,0.18885281385281388,672
Cambridge Terrace,0.18881118881118877,26
"Station Approach, Marylebone Road",0.1887960383782111,359
Sandland Street,0.18877968877968887,111
Norris Street,0.18871866295264625,718
Gwynne Place,0.1887175324675325,28
Elizabeth Court,0.18863636363636366,10
Kingly Street,0.18841770764847687,702
Pall Mall,0.1884168246681968,3644
Smith's Court,0.18838992332968238,83
Chiltern Street,0.1882804194200663,1869
Bennet Street,0.18820259042033236,372
Pearman Street,0.18819031435853872,107
Grosvenor Square,0.1881363421210337,2221
Rosebery Avenue,0.1881028714023544,2708
Brock Street,0.18807248108323377,558
Charles II Street,0.1880402581389018,811
Oldbury Place,0.18765609390609392,56
Eaton Place,0.1876380880530258,241
Devonshire Place,0.187572513786106,515
Northumberland Street,0.18753762793497897,453
Varndell Street,0.18724434426913764,242
Meard Street,0.18712674187126746,137
John's Mews,0.18706293706293706,104
Grosvenor Hill,0.18696397941680962,106
Lyall Street,0.18686868686868685,27
Bayley Street,0.1868594840533616,686
Queen Anne's Gate,0.18680926916221036,85
Adam's Row,0.18674442965940938,247
Montagu Place,0.18673489865542847,453
Seaford Street,0.1866594943518021,156
Candover Street,0.18660287081339716,76
Cumberland Gate,0.186470473970474,390
Brunswick Cente,0.18637992831541222,372
Hamilton Place,0.18636363636363643,105
Marlborough Court,0.18627450980392155,68
Newman Street,0.18626679578743496,751
Durweston Mews,0.18621700879765393,31
Temple Place,0.1862158167036216,205
Loxham Street,0.18621212121212122,50
Enford Street,0.18607954545454547,32
Clipstone Mews,0.18606627017841976,107
Brown Hart Gardens,0.18602207041513408,173
Dukes Road,0.18585858585858586,30
Woburn Walk,0.18585858585858586,30
Seymour Mews,0.1858346394984326,464
Exton Street,0.18578224101479918,258
Regent Street St James's,0.18570953087447267,1546
Ramillies Place,0.18566176470588236,272
Margaret Street,0.18551462116640144,1657
Waverton Street,0.1854066985645933,38
Aldburgh Mews,0.1854066985645933,19
Upper Ground,0.1853869271224643,121
South Audley Street,0.18535110722610718,4080
Lowndes Square,0.18524871355060035,53
Strutton Ground,0.1852487135506003,477
Chapel Street,0.18519798747935629,263
Mews Yard,0.1851365546218487,136
Vernon Square,0.1848977580684898,41
Newburgh Street,0.18484848484848476,55
Marylebone High Street,0.18474752740082473,2593
Balcombe Street,0.18465909090909088,128
Mabledon Place,0.1846547923102947,209
Grosvenor Place,0.18463349652160843,5577
Wilton Crescent,0.18457997698504028,395
Carteret Street,0.18457300275482097,66
Basil Street,0.18456477121815767,251
Bourne Mews,0.18454545454545454,25
Leeke Street,0.18451178451178446,15
Triton Square,0.18446750744438606,692
Devonshire Mews North,0.18444055944055945,52
Grindal Street,0.18444055944055943,26
3i Grosvenor Crescent Mews,0.1844155844155844,15
Newton Street,0.18439108061749573,106
Upper Montagu Street,0.1843726521412472,605
Hertford Place,0.1842105263157895,57
Pavilion Road,0.18408377336948772,182
Kean Street,0.183982683982684,63
Eagle Street,0.18382352941176472,68
Portman Street,0.1837943014928996,2996
Dane Street,0.18378226711560047,162
Grosvenor Crescent,0.18375637475016357,644
Harewood Avenue,0.18356643356643354,39
Secker Street,0.18344155844155846,84
Old Cavendish Street,0.18337218337218336,144
Waterloo Social Sidings,0.18333333333333332,40
Vernon Rise,0.18329124579124578,120
Wood's Mews,0.1832014139706448,91
Slingsby Place,0.1830858384643245,251
Weymouth Mews,0.1830583209893555,406
Mount Street,0.18304340065998098,1158
Brunswick Square,0.1830143540669856,608
Maddox Street,0.18294044281110314,1469
Lambeth Palace Road,0.18281172379533037,854
Sutton Walk,0.1827354260089686,223
Cornwall Road,0.18264531167756975,403
Parliament Square,0.18263446567586697,1884
Glentworth Street,0.18261754232977256,278
Great Peter Street,0.18251391465677183,196
Euston Grove,0.18251003182510034,511
St James's Market,0.1824651538937253,245
Mount Row,0.18243175094136632,416
North Crescent,0.18229166666666666,288
Hertford Street,0.18228598159987527,583
Harrowby Street,0.18218145490872764,77
Nutford Place,0.18215519420338702,83
Regent Place,0.1821106821106821,259
Broadbent Street,0.18205624163070974,235
Sidmouth Street,0.18200860225747104,1547
Grenville Street,0.18196536796536794,375
Belgrave Square,0.18194618118803108,1319
Artillery Row,0.18194478831393907,577
Flaxman Terrace,0.1818651147510208,149
Whetstone Park,0.18181818181818193,101
Newman Passage,0.1818181818181819,110
Warwick Street,0.18181818181818188,126
Duck Lane,0.18181818181818185,72
Halkin Place,0.18181818181818185,65
Took's Court,0.18181818181818185,65
Trevor Square,0.18181818181818185,7
Cursitor Street,0.18181818181818185,132
Bell Yard,0.18181818181818185,48
Perkin's Rents,0.18181818181818185,77
Kinnerton Place South,0.18181818181818185,7
Coach and Horses Yard,0.18181818181818185,6
Raphael Street,0.18181818181818185,7
Stukeley Street,0.18181818181818185,162
Dartmouth Street,0.18181818181818185,7
Whitfield Place,0.18181818181818185,87
Oxendon Street,0.18181818181818185,147
St. Ann's Street,0.18181818181818185,7
West Halkin Street,0.18181818181818185,81
Hanover Mews,0.18181818181818185,6
Cockspur Court,0.18181818181818182,40
Beverston Mews,0.18181818181818182,32
Old Buildings,0.18181818181818182,2
Vine Street,0.18181818181818182,112
Siddons Lane,0.18181818181818182,16
Ulster Terrace,0.18181818181818182,34
Sherston Court,0.18181818181818182,1
Warren Mews,0.18181818181818182,9
Cruikshank Street,0.18181818181818182,32
St Chad's Street,0.18181818181818182,4
Upper John Street,0.18181818181818182,34
Warner Street,0.18181818181818182,16
Bakers Row,0.18181818181818182,9
Chesterfield Street,0.18181818181818182,9
Emery Street,0.18181818181818182,2
Little Edward Street,0.18181818181818182,9
Carrington Street,0.18181818181818182,43
Bryanston Mews East,0.18181818181818182,17
Buckingham Mews,0.18181818181818182,2
Rodmarton Street,0.18181818181818182,42
Mortimer Market,0.18181818181818182,2
Landon Place,0.18181818181818182,1
Herbert Crescent,0.18181818181818182,60
Belgrave Mews North,0.18181818181818182,10
Buckingham Place,0.18181818181818182,10
Jockey's Fields,0.18181818181818182,10
Cowley Street,0.18181818181818182,2
Granville Place,0.18181818181818182,10
Red Place,0.18181818181818182,45
Park Square Mews,0.18181818181818182,8
Shropshire Place,0.18181818181818182,4
Stephenson Way,0.18181818181818182,41
Field Street,0.18181818181818182,5
Fareham Street,0.18181818181818182,9
Whichcote Street,0.18181818181818182,4
Brooke's Market,0.18181818181818182,1
Dorrington Street,0.18181818181818182,1
Forset Street,0.18181818181818182,2
Winsley Street,0.18181818181818182,34
Lowndes Place,0.18181818181818182,8
Rex Place,0.18181818181818182,52
Chester Close,0.18181818181818182,2
Balfour Mews,0.18181818181818182,8
Balfour Place,0.18181818181818182,2
Yorkshire Grey Yard,0.18181818181818182,2
Montagu Mansions,0.18181818181818182,70
David Mews,0.18181818181818182,54
Cumberland Gardens,0.18181818181818182,5
Rosebery Court,0.18181818181818182,16
Suffolk Place,0.18181818181818182,8
Devonshire Row Mews,0.18181818181818182,4
St. Ermin's Hill,0.1818181818181818,19
Strand Lane,0.1818181818181818,21
Rysbrack Street,0.1818181818181818,28
Whitehall Court,0.1818181818181818,35
Augustus Street,0.1818181818181818,12
Chagford Street,0.1818181818181818,18
Richbell Place,0.1818181818181818,3
Bingham Place,0.1818181818181818,38
Derby Street,0.1818181818181818,14
Attneave Street,0.1818181818181818,27
Kirk Street,0.1818181818181818,3
Little College Street,0.1818181818181818,12
Little Chester Street,0.1818181818181818,3
Linhope Street,0.1818181818181818,18
Tufton Street,0.1818181818181818,3
Ingestre Place,0.1818181818181818,47
Stanhope Row,0.1818181818181818,14
Regnart Buildings,0.1818181818181818,36
Wyndham Mews,0.1818181818181818,21
Lancelot Place,0.1818181818181818,13
Myddelton Square,0.1818181818181818,3
New Square,0.1818181818181818,21
Henrietta Mews,0.1818181818181818,3
Ridgmount Place,0.1818181818181818,12
Sussex Place,0.1818181818181818,27
Cambridge Gate,0.1818181818181818,36
Scotland Place,0.1818181818181818,36
Wheatley Street,0.1818181818181818,37
Chester Mews,0.1818181818181818,12
Exmouth Mews,0.1818181818181818,28
Clarence Terrace,0.1818181818181818,18
Quebec Mews,0.1818181818181818,28
Langton Close,0.1818181818181818,3
Orange Yard,0.1818181818181818,36
Parker Mews,0.1818181818181818,47
Crown Court,0.1818181818181818,18
Dunraven Street,0.1818181818181818,26
Clarges Mews,0.18181818181818177,22
Lumley Street,0.18181818181818177,23
Garbutt Place,0.18181818181818177,15
Knox Street,0.18181818181818177,22
Brownlow Street,0.18181818181818177,30
Chesham Street,0.18181818181818177,30
Pine Apple Court,0.18181818181818177,22
Wilton Terrace,0.18181818181818177,31
Connaught Square,0.18181818181818177,22
Midhope Street,0.18181818181818177,30
Taunton Mews,0.18181818181818177,31
Allington Street,0.1817548746518106,359
Capper Street,0.1816420014094433,86
Lees Place,0.18156843156843155,112
Wigmore Street,0.18116828387584705,10009
Drummond Street,0.18114517471618585,1711
Great Castle Street,0.18108869853550705,1175
Ridgmount Gardens,0.18108740134463608,311
Dorset Street,0.18095427963849017,2052
Sackville Street,0.1809469696969697,300
Chicheley Street,0.18089877649736807,426
Montague Place,0.1808510638297872,188
Bourdon Place,0.18073593073593078,56
Argyle Street,0.18068846358320045,76
Trebeck Street,0.180674671240709,53
Bryanston Place,0.18061105561105562,210
Southampton Buildings,0.1805499188311688,480
Rugby Street,0.1805006587615283,23
St James's Square,0.1804662379421222,933
Merlin Street,0.18024229291834928,142
Euston Street,0.1797520661157025,88
Virgil Street,0.1797202797202797,20
Churchway,0.17968934994384236,577
Foundry Mews,0.1796276013143483,83
Little Argyll Street,0.17962231005709267,138
South Street,0.17959115152326638,766
Carlton Gardens,0.17957380457380456,481
Falconberg Mews,0.1795735129068462,27
Belgrave Mews South,0.17949907235621523,56
Wilton Place,0.17932530432530433,624
Melbourne Place,0.17929292929292928,24
Ridgmount Street,0.17924215935579574,528
Gower Mews,0.17922535211267607,355
Rose Street,0.1792080468551057,340
Crawford Street,0.17907451645481745,1462
Montagu Mews West,0.17902097902097905,10
Peto Place,0.1789872408293461,285
Leather Lane,0.1789772727272727,36
Diadem Court,0.1789321789321789,21
Burleigh Street,0.17891319207108683,399
St Clement's Lane,0.17878787878787877,20
Mayfair Place,0.17871818902746736,194
Doric Way,0.17861715749039692,71
Duke of Wellington Place,0.17845681360325713,2868
Portman Square,0.17845400012831203,3052
Upper Grosvenor Street,0.17838935258290098,620
Great College Street,0.17837465564738292,33
King's Cross Road,0.17816505503271776,937
Bourdon Street,0.1781124858047935,468
Market Mews,0.178030303030303,24
Down Street,0.17798844801607241,181
Great Windmill Street,0.17790361812100944,943
Chester Street,0.17789661319073083,85
Wesley Street,0.17787604552310438,102
Amwell Street,0.17766237999288845,472
Clarence Gardens,0.17765685019206146,284
Gray's Yard,0.1775510204081632,105
Jubilee Walk,0.17748917748917753,7
Chenies Street,0.17731965072629347,2228
Gildea Street,0.177304402914159,164
Alfred Place,0.17730346576500422,91
Swallow Place,0.1771401208192132,617
Grafton Place,0.17685589519650657,229
Tankerton Street,0.17684659090909094,64
Kingly Court,0.17667356797791575,483
Handel Street,0.17665449543178804,229
Argyle Walk,0.17661691542288552,67
Great Percy Street,0.17654044069138417,106
Carnaby Street,0.17652320131658972,847
Waterloo Place,0.17648662799524867,1044
Chesham Place,0.176437688065595,1161
Green Street,0.17625963779809933,312
Ching Court,0.1761133603238866,76
Soho Place,0.17602495543672014,34
Victoria Embankment,0.1758238129785091,3258
Little Marlborough Street,0.17577413479052822,183
Woodstock Street,0.17567567567567569,222
West Central Street,0.1755780346820809,173
New Inn Passage,0.1755050505050505,132
Newport Place,0.17548076923076922,208
Mercer Walk,0.1754385964912281,38
Clare Market,0.17543859649122803,57
John Prince's Street,0.17543530295208148,149
Upper Berkeley Street,0.17537843019429417,1765
Tenison Way,0.17494338401811713,281
Morwell Street,0.17490095889324433,51
Castle Lane,0.17479557479557478,135
Park Street,0.174674091340758,648
Foubert's Place,0.17466666666666664,500
Inglebert Street,0.17452113104287015,23
Mandeville Place,0.17449129632673935,711
Cathedral Walk,0.1744630773756987,515
Hans Crescent,0.17424242424242428,48
Pollen Street,0.17424242424242423,220
Compton Close,0.17408349226531042,121
Little Titchfield Street,0.1739802048172092,227
Grosvenor Crescent Mews,0.17389939861038128,346
Laundry Road,0.1738826815642458,179
Wimpole Street,0.1738100343053173,1060
Cardinal Walk,0.17372881355932204,236
Wakefield Street,0.17349970291146763,153
Fetter Lane,0.1733036040264956,249
Bickenhall Street,0.17329545454545456,76
Park Square East,0.17327441077441078,240
New Quebec Street,0.17327117327117325,54
New Compton Street,0.1731637567730283,151
Millbank,0.17307692307692307,13
Portman Towers,0.17307692307692307,5
Petty France,0.17303925125154174,358
Binney Street,0.17300618456687827,173
Clenston Mews,0.1728488902401946,46
Topham Street,0.17284688995215308,19
Bedford Row,0.17273898781630742,194
Belgrave Place,0.172668240850059,308
Portsmouth Street,0.17257779589618158,223
Broadway,0.17254725472547253,1010
Adeline Place,0.17239560820244687,133
Beaumont Place,0.17236024844720496,322
Mount Pleasant,0.17235424150317766,329
Hunter Street,0.1722254947763265,541
Duke's Road,0.1722237573301403,329
Coldbath Square,0.1720219435736677,29
Sidmouth Mews,0.17195918835263094,61
Mount Street Mews,0.17191142191142192,48
Marylebone Street,0.17169289044289046,192
Theatre Avenue,0.17158598976780792,77
Tyburn Way,0.17157490396927014,71
LSE Square,0.1715603237342368,161
Sheffield Street,0.17149758454106276,69
Upper Brook Street,0.17129515851560578,313
Sherlock Mews,0.17096018735362994,122
Blackburne's Mews,0.17078477078477075,270
Huntsworth Mews,0.17077020202020204,160
Beaumont Mews,0.17073170731707316,82
Seville Street,0.17038809144072306,304
Chesterfield Gardens,0.17030885780885782,96
Clarges Street,0.17030028794734675,289
Tolmers Square,0.1700487012987013,728
Browning Mews,0.16943866943866942,74
Marylebone Mews,0.16943866943866942,74
Eaton Square,0.16940836940836942,405
Gray's Inn Road,0.1690297758027667,7242
Nash Street,0.16900876900876904,210
Brooke Street,0.16888714733542323,145
Great Cumberland Mews,0.1687062937062937,128
Horse Guards Avenue,0.16862085586151976,723
Craven Street,0.16853393085787455,355
Porter Street,0.16849274503997633,307
York Street,0.16843267027090558,476
New Burlington Street,0.16840123882377403,852
Kenton Street,0.1682833295736521,93
Leicester Court,0.16823899371069184,106
Robert Adam Street,0.16809659090909093,400
Park Crescent Mews West,0.1679724596391263,270
Regents Place,0.16796874999999997,128
North Row,0.16786133850980267,293
Chapel Place,0.16783216783216784,41
Kingsway Tram Subway,0.16782868525896413,251
Hans Place,0.1677489177489178,36
Eccleston Mews,0.1666666666666667,30
Hoopers Court,0.16666666666666666,3
St Vincent Street,0.16666666666666666,49
Beauchamp Street,0.16666666666666666,2
Sherwood Street,0.16666666666666663,141
Tenison Court,0.1666666666666666,23
James Court,0.1666666666666666,55
South Audley Square,0.1666041275797373,205
Clerkenwell Road,0.1665862839129006,2134
Curzon Gate,0.16629598739690485,218
Euston Square,0.166285177983039,374
Keeley Street,0.16610962566844925,238
Cavendish Square,0.16599494905397288,2643
Seymour Place,0.16577381299835386,1198
Carlos Place,0.1657130748039839,297
Procter Street,0.16570017182130586,388
Bressenden Place,0.16527540823787476,373
Bidborough Street,0.1647727272727273,64
Howick Place,0.1647393702188223,73
Wigmore Place,0.1646262886597938,388
Malet Place,0.16455339532262608,91
Babmaes Street,0.1645021645021645,42
Mason's Arms Mews,0.1643162393162393,90
Vandon Street,0.16428571428571426,40
Buckingham Palace Road,0.16408772221529422,729
Brownlow Mews,0.16404647983595347,133
St Giles High Street,0.16378578527454932,888
Osnaburgh Terrace,0.16366133866133867,455
Houghton Street,0.16297754077083687,537
Sandell Street,0.16263440860215053,279
Tanswell Street,0.16255778120184902,118
Bedford Way,0.16253475440222429,664
Store Street,0.16248969526408547,984
Culross Street,0.16212436212436213,185
Albany Street,0.16204127567763932,2849
Reeves Mews,0.1618709159692766,61
St. James's Place,0.16109399075500774,295
Hampstead Road,0.16090698152553823,4365
Wakefield Mews,0.1608391608391608,12
Coley Street,0.1608044733044733,42
Chester Gate,0.1607822410147992,215
Baylis Road,0.16059502125075895,1647
Dean Farrar Street,0.16047212456052234,543
Berkeley Mews,0.16039126163093104,242
Angel Court,0.1601766068326578,157
Victoria Street,0.15997561743022956,5453
St. Christopher's Place,0.15982142857142861,420
Easleys Mews,0.15979381443298968,388
Pembroke Close,0.1595547309833024,7
Park Place,0.15953829634931999,254
Seymour Street,0.1590314117433189,1982
Broad Sanctuary,0.15900582176444245,1015
Nottingham Street,0.15874601588887302,168
Eaton Lane,0.1585656990068755,34
South Crescent,0.15837104072398192,136
Northumberland Avenue,0.15835969228366134,1552
Sir Simon Milton Square,0.15811965811965814,195
Garrick Yard,0.15811373092926487,103
Little Sanctuary,0.15750803250803252,111
Suffolk Street,0.1574675324675325,56
Dorset Close,0.1574074074074074,15
Connaught Street,0.15737891737891738,75
Marble Arch,0.15695959595959597,250
Ivor Place,0.15667789001122334,45
Portman Close,0.1562837400129562,421
Pont Street,0.15620193950786054,608
Audley Square,0.15617715617715616,12
Mepham Street,0.15592399403874815,61
Knightsbridge,0.15589141832922926,1809
Nottingham Place,0.15575443554718166,386
Stamford Street,0.15563691627521414,658
Ryder Street,0.15523882896764252,177
Cadogan Place,0.1551870748299319,126
Hobart Place,0.1550209542230819,282
Chalton Street,0.15443799699118851,235
Charlotte Place,0.15436962750716332,349
Park Lane,0.15393679943714692,2878
Hampden Gurney Street,0.1538461538461539,31
Taunton Place,0.15353535353535355,5
Hans Street,0.1534090909090909,4
Cadogan Lane,0.15329313543599252,112
Sloane Street,0.15310051184490647,446
Waterloo Road,0.15285280216070224,2962
Holmes Terrace,0.1527777777777778,117
Queen's Yard,0.15052083333333333,240
Portman Mews South,0.15005954743946012,229
Cambridge Gate Mews,0.14925373134328357,67
Holborn,0.14915458937198067,276
Fleet Street,0.14895862651280606,646
Swinton Place,0.14882154882154883,15
Baker Street,0.14860395890853872,4498
Achilles Way,0.1481481481481481,60
Orchard Place,0.14808994197292072,188
Edinburgh Gate,0.14772727272727276,5
Little Smith Street,0.1477272727272727,16
Cadogan Square,0.1477272727272727,8
Abbey Orchard Street,0.14752644262953543,291
Easton Street,0.14752435064935066,112
Eversholt Street,0.1468050065876153,345
Dean's Mews,0.14655172413793102,232
Blue Ball Yard,0.14655172413793102,174
Grosvenor Gardens,0.14621048143775417,880
Farringdon Road,0.14534475186649098,345
Bucknall Street,0.1452922077922078,98
The Cut,0.14511019283746557,55
Melcombe Street,0.14494406429890305,186
Old Mitre Court,0.14493293591654247,61
Alaska Street,0.14476284584980237,138
Eaton Row,0.14440133037694014,41
Acton Street,0.14393939393939395,24
The Sanctuary,0.14361313868613138,137
Mac Farren Place,0.14336917562724022,124
Lambs Conduit Passage,0.14318181818181816,64
Hatton Garden,0.14285714285714285,1
Prince of Wales Passage,0.14259095812493872,103
Essex Street,0.14258147512864494,106
Brook Gate,0.14229249011857706,46
Dorset Square,0.1421731768552578,173
Exmouth Market,0.1418010752688172,124
Harriet Street,0.14123376623376618,21
Great Smith Street,0.14079912023460409,310
Wilton Street,0.13979076479076483,224
Kennington Road,0.13938232903750145,261
Murphy Street,0.13920454545454547,8
New Palace Yard,0.13920454545454544,44
St. Margaret Street,0.13822525597269625,293
Ambassador's Court,0.1380718954248366,153
Wellesley Place,0.1375,20
Gloucester Place,0.13748035148429627,3042
Beeston Place,0.13687469937469934,96
Lower Grosvenor Place,0.13686988272623635,181
Addington Street,0.13541666666666669,116
Warwick Row,0.13379408116250224,57
Lower Road,0.13333333333333333,30
Netley Street,0.1332241332241332,74
Lancing Street,0.1331168831168831,21
Manchester Mews,0.13271604938271606,135
Aldford Street,0.13268275980140387,59
Earnshaw Street,0.13253612113934612,131
Abingdon Street,0.13253012048192772,83
Grays Inn Road,0.12828947368421054,38
Swinton Street,0.12777777777777777,10
Saint Margaret Street,0.12740384615384615,52
Old Palace Yard,0.12704918032786885,122
Park Road,0.1265068134171908,424
Grosvenor Gate,0.12633352049410443,137
Phoenix Yard,0.125,5
Lambeth Road,0.125,6
Charing Cross,0.125,44
Edgware Road,0.12459980900214136,686
Weston Rise,0.11942959001782531,17
Brompton Road,0.11447811447811447,84
Knightsbridge Green,0.11111111111111112,20
Wyndham Street,0.11111111111111112,10
Crestfield Street,0.1111111111111111,1
Pancras Road,0.1111111111111111,1
Penton Rise,0.1111111111111111,4
